indicator_id,indicator_name,indicator_type,datetime,value,geo_id,geo_name,geo_agg
1293,Demanda real,demand,2025-10-29 00:00:00+01:00,23659.0,8741,Península,
1001,Precio PVPC 2.0TD,price,2025-10-29 00:00:00+01:00,114.15,8743,Baleares,
1001,Precio PVPC 2.0TD,price,2025-10-29 00:00:00+01:00,114.15,8744,Ceuta,
1001,Precio PVPC 2.0TD,price,2025-10-29 00:00:00+01:00,114.15,8745,Melilla,
1,Generación Hidráulica UGH,generation,2025-10-29 00:00:00+01:00,2197.0,8741,Península,
4,Generación Nuclear,generation,2025-10-29 00:00:00+01:00,4993.3,8741,Península,
9,Generación Ciclo Combinado,generation,2025-10-29 00:00:00+01:00,1560.4,8741,Península,
12,Generación Eólica,generation,2025-10-29 00:00:00+01:00,10192.7,8741,Península,
1001,Precio PVPC 2.0TD,price,2025-10-29 00:00:00+01:00,114.15,8742,Canarias,
1001,Precio PVPC 2.0TD,price,2025-10-29 00:00:00+01:00,114.15,8741,Península,
1293,Demanda real,demand,2025-10-29 00:05:00+01:00,23584.0,8741,Península,
1293,Demanda real,demand,2025-10-29 00:10:00+01:00,23666.0,8741,Península,
1293,Demanda real,demand,2025-10-29 00:15:00+01:00,23442.0,8741,Península,
1293,Demanda real,demand,2025-10-29 00:20:00+01:00,23148.0,8741,Península,
1293,Demanda real,demand,2025-10-29 00:25:00+01:00,23166.0,8741,Península,
1293,Demanda real,demand,2025-10-29 00:30:00+01:00,23034.0,8741,Península,
1293,Demanda real,demand,2025-10-29 00:35:00+01:00,23055.0,8741,Península,
1293,Demanda real,demand,2025-10-29 00:40:00+01:00,22828.0,8741,Península,
1293,Demanda real,demand,2025-10-29 00:45:00+01:00,22518.0,8741,Península,
1293,Demanda real,demand,2025-10-29 00:50:00+01:00,22390.0,8741,Península,
1293,Demanda real,demand,2025-10-29 00:55:00+01:00,22391.0,8741,Península,
1001,Precio PVPC 2.0TD,price,2025-10-29 01:00:00+01:00,112.59,8745,Melilla,
1001,Precio PVPC 2.0TD,price,2025-10-29 01:00:00+01:00,112.59,8744,Ceuta,
1001,Precio PVPC 2.0TD,price,2025-10-29 01:00:00+01:00,112.59,8743,Baleares,
1001,Precio PVPC 2.0TD,price,2025-10-29 01:00:00+01:00,112.59,8742,Canarias,
1001,Precio PVPC 2.0TD,price,2025-10-29 01:00:00+01:00,112.59,8741,Península,
1,Generación Hidráulica UGH,generation,2025-10-29 01:00:00+01:00,1317.2,8741,Península,
1293,Demanda real,demand,2025-10-29 01:00:00+01:00,22378.0,8741,Península,
4,Generación Nuclear,generation,2025-10-29 01:00:00+01:00,4993.6,8741,Península,
9,Generación Ciclo Combinado,generation,2025-10-29 01:00:00+01:00,1430.0,8741,Península,
12,Generación Eólica,generation,2025-10-29 01:00:00+01:00,10377.1,8741,Península,
1293,Demanda real,demand,2025-10-29 01:05:00+01:00,22322.0,8741,Península,
1293,Demanda real,demand,2025-10-29 01:10:00+01:00,22168.0,8741,Península,
1293,Demanda real,demand,2025-10-29 01:15:00+01:00,22132.0,8741,Península,
1293,Demanda real,demand,2025-10-29 01:20:00+01:00,22188.0,8741,Península,
1293,Demanda real,demand,2025-10-29 01:25:00+01:00,22037.0,8741,Península,
1293,Demanda real,demand,2025-10-29 01:30:00+01:00,21891.0,8741,Península,
1293,Demanda real,demand,2025-10-29 01:35:00+01:00,21838.0,8741,Península,
1293,Demanda real,demand,2025-10-29 01:40:00+01:00,21870.0,8741,Península,
1293,Demanda real,demand,2025-10-29 01:45:00+01:00,21952.0,8741,Península,
1293,Demanda real,demand,2025-10-29 01:50:00+01:00,21572.0,8741,Península,
1293,Demanda real,demand,2025-10-29 01:55:00+01:00,21622.0,8741,Península,
1001,Precio PVPC 2.0TD,price,2025-10-29 02:00:00+01:00,110.88,8742,Canarias,
1001,Precio PVPC 2.0TD,price,2025-10-29 02:00:00+01:00,110.88,8743,Baleares,
1001,Precio PVPC 2.0TD,price,2025-10-29 02:00:00+01:00,110.88,8744,Ceuta,
1001,Precio PVPC 2.0TD,price,2025-10-29 02:00:00+01:00,110.88,8745,Melilla,
1293,Demanda real,demand,2025-10-29 02:00:00+01:00,21565.0,8741,Península,
1,Generación Hidráulica UGH,generation,2025-10-29 02:00:00+01:00,1053.3,8741,Península,
1001,Precio PVPC 2.0TD,price,2025-10-29 02:00:00+01:00,110.88,8741,Península,
4,Generación Nuclear,generation,2025-10-29 02:00:00+01:00,4993.6,8741,Península,
9,Generación Ciclo Combinado,generation,2025-10-29 02:00:00+01:00,1431.2,8741,Península,
12,Generación Eólica,generation,2025-10-29 02:00:00+01:00,10213.1,8741,Península,
1293,Demanda real,demand,2025-10-29 02:05:00+01:00,21666.0,8741,Península,
1293,Demanda real,demand,2025-10-29 02:10:00+01:00,21496.0,8741,Península,
1293,Demanda real,demand,2025-10-29 02:15:00+01:00,21411.0,8741,Península,
1293,Demanda real,demand,2025-10-29 02:20:00+01:00,21299.0,8741,Península,
1293,Demanda real,demand,2025-10-29 02:25:00+01:00,21363.0,8741,Península,
1293,Demanda real,demand,2025-10-29 02:30:00+01:00,21355.0,8741,Península,
1293,Demanda real,demand,2025-10-29 02:35:00+01:00,21060.0,8741,Península,
1293,Demanda real,demand,2025-10-29 02:40:00+01:00,21161.0,8741,Península,
1293,Demanda real,demand,2025-10-29 02:45:00+01:00,21251.0,8741,Península,
1293,Demanda real,demand,2025-10-29 02:50:00+01:00,21275.0,8741,Península,
1293,Demanda real,demand,2025-10-29 02:55:00+01:00,21265.0,8741,Península,
1001,Precio PVPC 2.0TD,price,2025-10-29 03:00:00+01:00,104.34,8743,Baleares,
1001,Precio PVPC 2.0TD,price,2025-10-29 03:00:00+01:00,104.34,8744,Ceuta,
1001,Precio PVPC 2.0TD,price,2025-10-29 03:00:00+01:00,104.34,8745,Melilla,
1,Generación Hidráulica UGH,generation,2025-10-29 03:00:00+01:00,1047.5,8741,Península,
4,Generación Nuclear,generation,2025-10-29 03:00:00+01:00,4994.6,8741,Península,
12,Generación Eólica,generation,2025-10-29 03:00:00+01:00,9995.4,8741,Península,
1001,Precio PVPC 2.0TD,price,2025-10-29 03:00:00+01:00,104.34,8741,Península,
9,Generación Ciclo Combinado,generation,2025-10-29 03:00:00+01:00,1432.4,8741,Península,
1001,Precio PVPC 2.0TD,price,2025-10-29 03:00:00+01:00,104.34,8742,Canarias,
1293,Demanda real,demand,2025-10-29 03:00:00+01:00,21216.0,8741,Península,
1293,Demanda real,demand,2025-10-29 03:05:00+01:00,21100.0,8741,Península,
1293,Demanda real,demand,2025-10-29 03:10:00+01:00,21070.0,8741,Península,
1293,Demanda real,demand,2025-10-29 03:15:00+01:00,21066.0,8741,Península,
1293,Demanda real,demand,2025-10-29 03:20:00+01:00,20936.0,8741,Península,
1293,Demanda real,demand,2025-10-29 03:25:00+01:00,21048.0,8741,Península,
1293,Demanda real,demand,2025-10-29 03:30:00+01:00,20849.0,8741,Península,
1293,Demanda real,demand,2025-10-29 03:35:00+01:00,20717.0,8741,Península,
1293,Demanda real,demand,2025-10-29 03:40:00+01:00,20617.0,8741,Península,
1293,Demanda real,demand,2025-10-29 03:45:00+01:00,20672.0,8741,Península,
1293,Demanda real,demand,2025-10-29 03:50:00+01:00,20856.0,8741,Península,
1293,Demanda real,demand,2025-10-29 03:55:00+01:00,20787.0,8741,Península,
12,Generación Eólica,generation,2025-10-29 04:00:00+01:00,9906.6,8741,Península,
1001,Precio PVPC 2.0TD,price,2025-10-29 04:00:00+01:00,106.1,8741,Península,
1001,Precio PVPC 2.0TD,price,2025-10-29 04:00:00+01:00,106.1,8742,Canarias,
1001,Precio PVPC 2.0TD,price,2025-10-29 04:00:00+01:00,106.1,8743,Baleares,
1001,Precio PVPC 2.0TD,price,2025-10-29 04:00:00+01:00,106.1,8745,Melilla,
1001,Precio PVPC 2.0TD,price,2025-10-29 04:00:00+01:00,106.1,8744,Ceuta,
4,Generación Nuclear,generation,2025-10-29 04:00:00+01:00,4995.1,8741,Península,
9,Generación Ciclo Combinado,generation,2025-10-29 04:00:00+01:00,1458.0,8741,Península,
1293,Demanda real,demand,2025-10-29 04:00:00+01:00,20884.0,8741,Península,
1,Generación Hidráulica UGH,generation,2025-10-29 04:00:00+01:00,1024.6,8741,Península,
1293,Demanda real,demand,2025-10-29 04:05:00+01:00,20863.0,8741,Península,
1293,Demanda real,demand,2025-10-29 04:10:00+01:00,20821.0,8741,Península,
1293,Demanda real,demand,2025-10-29 04:15:00+01:00,20883.0,8741,Península,
1293,Demanda real,demand,2025-10-29 04:20:00+01:00,20790.0,8741,Península,
1293,Demanda real,demand,2025-10-29 04:25:00+01:00,20729.0,8741,Península,
1293,Demanda real,demand,2025-10-29 04:30:00+01:00,20696.0,8741,Península,
1293,Demanda real,demand,2025-10-29 04:35:00+01:00,20763.0,8741,Península,
1293,Demanda real,demand,2025-10-29 04:40:00+01:00,20797.0,8741,Península,
1293,Demanda real,demand,2025-10-29 04:45:00+01:00,20891.0,8741,Península,
1293,Demanda real,demand,2025-10-29 04:50:00+01:00,20810.0,8741,Península,
1293,Demanda real,demand,2025-10-29 04:55:00+01:00,20882.0,8741,Península,
1001,Precio PVPC 2.0TD,price,2025-10-29 05:00:00+01:00,107.24,8745,Melilla,
1001,Precio PVPC 2.0TD,price,2025-10-29 05:00:00+01:00,107.24,8744,Ceuta,
1293,Demanda real,demand,2025-10-29 05:00:00+01:00,20973.0,8741,Península,
9,Generación Ciclo Combinado,generation,2025-10-29 05:00:00+01:00,1531.0,8741,Península,
1001,Precio PVPC 2.0TD,price,2025-10-29 05:00:00+01:00,107.24,8741,Península,
4,Generación Nuclear,generation,2025-10-29 05:00:00+01:00,4994.6,8741,Península,
1001,Precio PVPC 2.0TD,price,2025-10-29 05:00:00+01:00,107.24,8742,Canarias,
12,Generación Eólica,generation,2025-10-29 05:00:00+01:00,9894.1,8741,Península,
1,Generación Hidráulica UGH,generation,2025-10-29 05:00:00+01:00,1208.5,8741,Península,
1001,Precio PVPC 2.0TD,price,2025-10-29 05:00:00+01:00,107.24,8743,Baleares,
1293,Demanda real,demand,2025-10-29 05:05:00+01:00,21060.0,8741,Península,
1293,Demanda real,demand,2025-10-29 05:10:00+01:00,21132.0,8741,Península,
1293,Demanda real,demand,2025-10-29 05:15:00+01:00,21061.0,8741,Península,
1293,Demanda real,demand,2025-10-29 05:20:00+01:00,21184.0,8741,Península,
1293,Demanda real,demand,2025-10-29 05:25:00+01:00,21188.0,8741,Península,
1293,Demanda real,demand,2025-10-29 05:30:00+01:00,21231.0,8741,Península,
1293,Demanda real,demand,2025-10-29 05:35:00+01:00,21100.0,8741,Península,
1293,Demanda real,demand,2025-10-29 05:40:00+01:00,21397.0,8741,Península,
1293,Demanda real,demand,2025-10-29 05:45:00+01:00,21567.0,8741,Península,
1293,Demanda real,demand,2025-10-29 05:50:00+01:00,21663.0,8741,Península,
1293,Demanda real,demand,2025-10-29 05:55:00+01:00,21787.0,8741,Península,
9,Generación Ciclo Combinado,generation,2025-10-29 06:00:00+01:00,2278.6,8741,Península,
4,Generación Nuclear,generation,2025-10-29 06:00:00+01:00,4995.6,8741,Península,
1001,Precio PVPC 2.0TD,price,2025-10-29 06:00:00+01:00,115.02,8745,Melilla,
1,Generación Hidráulica UGH,generation,2025-10-29 06:00:00+01:00,2067.5,8741,Península,
1001,Precio PVPC 2.0TD,price,2025-10-29 06:00:00+01:00,115.02,8744,Ceuta,
1001,Precio PVPC 2.0TD,price,2025-10-29 06:00:00+01:00,115.02,8743,Baleares,
1293,Demanda real,demand,2025-10-29 06:00:00+01:00,21959.0,8741,Península,
1001,Precio PVPC 2.0TD,price,2025-10-29 06:00:00+01:00,115.02,8741,Península,
1001,Precio PVPC 2.0TD,price,2025-10-29 06:00:00+01:00,115.02,8742,Canarias,
12,Generación Eólica,generation,2025-10-29 06:00:00+01:00,9984.8,8741,Península,
1293,Demanda real,demand,2025-10-29 06:05:00+01:00,22593.0,8741,Península,
1293,Demanda real,demand,2025-10-29 06:10:00+01:00,23112.0,8741,Península,
1293,Demanda real,demand,2025-10-29 06:15:00+01:00,23403.0,8741,Península,
1293,Demanda real,demand,2025-10-29 06:20:00+01:00,23516.0,8741,Península,
1293,Demanda real,demand,2025-10-29 06:25:00+01:00,23634.0,8741,Península,
1293,Demanda real,demand,2025-10-29 06:30:00+01:00,23898.0,8741,Península,
1293,Demanda real,demand,2025-10-29 06:35:00+01:00,24224.0,8741,Península,
1293,Demanda real,demand,2025-10-29 06:40:00+01:00,24342.0,8741,Península,
1293,Demanda real,demand,2025-10-29 06:45:00+01:00,24811.0,8741,Península,
1293,Demanda real,demand,2025-10-29 06:50:00+01:00,25151.0,8741,Península,
1293,Demanda real,demand,2025-10-29 06:55:00+01:00,25522.0,8741,Península,
1001,Precio PVPC 2.0TD,price,2025-10-29 07:00:00+01:00,135.7,8742,Canarias,
1,Generación Hidráulica UGH,generation,2025-10-29 07:00:00+01:00,4035.7,8741,Península,
1001,Precio PVPC 2.0TD,price,2025-10-29 07:00:00+01:00,135.7,8743,Baleares,
1001,Precio PVPC 2.0TD,price,2025-10-29 07:00:00+01:00,135.7,8745,Melilla,
1001,Precio PVPC 2.0TD,price,2025-10-29 07:00:00+01:00,135.7,8744,Ceuta,
1001,Precio PVPC 2.0TD,price,2025-10-29 07:00:00+01:00,135.7,8741,Península,
12,Generación Eólica,generation,2025-10-29 07:00:00+01:00,10127.4,8741,Península,
4,Generación Nuclear,generation,2025-10-29 07:00:00+01:00,4995.5,8741,Península,
1293,Demanda real,demand,2025-10-29 07:00:00+01:00,25749.0,8741,Península,
9,Generación Ciclo Combinado,generation,2025-10-29 07:00:00+01:00,2854.3,8741,Península,
1293,Demanda real,demand,2025-10-29 07:05:00+01:00,26329.0,8741,Península,
1293,Demanda real,demand,2025-10-29 07:10:00+01:00,26806.0,8741,Península,
1293,Demanda real,demand,2025-10-29 07:15:00+01:00,26983.0,8741,Península,
1293,Demanda real,demand,2025-10-29 07:20:00+01:00,27312.0,8741,Península,
1293,Demanda real,demand,2025-10-29 07:25:00+01:00,27240.0,8741,Península,
1293,Demanda real,demand,2025-10-29 07:30:00+01:00,27505.0,8741,Península,
1293,Demanda real,demand,2025-10-29 07:35:00+01:00,27842.0,8741,Península,
1293,Demanda real,demand,2025-10-29 07:40:00+01:00,28046.0,8741,Península,
1293,Demanda real,demand,2025-10-29 07:45:00+01:00,28123.0,8741,Península,
1293,Demanda real,demand,2025-10-29 07:50:00+01:00,28164.0,8741,Península,
1293,Demanda real,demand,2025-10-29 07:55:00+01:00,28296.0,8741,Península,
1001,Precio PVPC 2.0TD,price,2025-10-29 08:00:00+01:00,167.18,8743,Baleares,
4,Generación Nuclear,generation,2025-10-29 08:00:00+01:00,4997.6,8741,Península,
1001,Precio PVPC 2.0TD,price,2025-10-29 08:00:00+01:00,167.18,8744,Ceuta,
1001,Precio PVPC 2.0TD,price,2025-10-29 08:00:00+01:00,167.18,8742,Canarias,
1001,Precio PVPC 2.0TD,price,2025-10-29 08:00:00+01:00,167.18,8745,Melilla,
1001,Precio PVPC 2.0TD,price,2025-10-29 08:00:00+01:00,167.18,8741,Península,
1293,Demanda real,demand,2025-10-29 08:00:00+01:00,28048.0,8741,Península,
12,Generación Eólica,generation,2025-10-29 08:00:00+01:00,9974.0,8741,Península,
9,Generación Ciclo Combinado,generation,2025-10-29 08:00:00+01:00,3178.0,8741,Península,
1,Generación Hidráulica UGH,generation,2025-10-29 08:00:00+01:00,4317.6,8741,Península,
1293,Demanda real,demand,2025-10-29 08:05:00+01:00,28377.0,8741,Península,
1293,Demanda real,demand,2025-10-29 08:10:00+01:00,28767.0,8741,Península,
1293,Demanda real,demand,2025-10-29 08:15:00+01:00,28805.0,8741,Península,
1293,Demanda real,demand,2025-10-29 08:20:00+01:00,28929.0,8741,Península,
1293,Demanda real,demand,2025-10-29 08:25:00+01:00,29068.0,8741,Península,
1293,Demanda real,demand,2025-10-29 08:30:00+01:00,29039.0,8741,Península,
1293,Demanda real,demand,2025-10-29 08:35:00+01:00,28939.0,8741,Península,
1293,Demanda real,demand,2025-10-29 08:40:00+01:00,29105.0,8741,Península,
1293,Demanda real,demand,2025-10-29 08:45:00+01:00,29108.0,8741,Península,
1293,Demanda real,demand,2025-10-29 08:50:00+01:00,29101.0,8741,Península,
1293,Demanda real,demand,2025-10-29 08:55:00+01:00,29305.0,8741,Península,
1293,Demanda real,demand,2025-10-29 09:00:00+01:00,29220.0,8741,Península,
1001,Precio PVPC 2.0TD,price,2025-10-29 09:00:00+01:00,149.1,8742,Canarias,
1001,Precio PVPC 2.0TD,price,2025-10-29 09:00:00+01:00,149.1,8741,Península,
1,Generación Hidráulica UGH,generation,2025-10-29 09:00:00+01:00,3505.3,8741,Península,
4,Generación Nuclear,generation,2025-10-29 09:00:00+01:00,4994.6,8741,Península,
9,Generación Ciclo Combinado,generation,2025-10-29 09:00:00+01:00,2508.4,8741,Península,
12,Generación Eólica,generation,2025-10-29 09:00:00+01:00,9734.9,8741,Península,
1001,Precio PVPC 2.0TD,price,2025-10-29 09:00:00+01:00,149.1,8745,Melilla,
1001,Precio PVPC 2.0TD,price,2025-10-29 09:00:00+01:00,149.1,8744,Ceuta,
1001,Precio PVPC 2.0TD,price,2025-10-29 09:00:00+01:00,149.1,8743,Baleares,
1293,Demanda real,demand,2025-10-29 09:05:00+01:00,29405.0,8741,Península,
1293,Demanda real,demand,2025-10-29 09:10:00+01:00,29395.0,8741,Península,
1293,Demanda real,demand,2025-10-29 09:15:00+01:00,29374.0,8741,Península,
1293,Demanda real,demand,2025-10-29 09:20:00+01:00,29290.0,8741,Península,
1293,Demanda real,demand,2025-10-29 09:25:00+01:00,29376.0,8741,Península,
1293,Demanda real,demand,2025-10-29 09:30:00+01:00,29563.0,8741,Península,
1293,Demanda real,demand,2025-10-29 09:35:00+01:00,29576.0,8741,Península,
1293,Demanda real,demand,2025-10-29 09:40:00+01:00,29744.0,8741,Península,
1293,Demanda real,demand,2025-10-29 09:45:00+01:00,29406.0,8741,Península,
1293,Demanda real,demand,2025-10-29 09:50:00+01:00,29438.0,8741,Península,
1293,Demanda real,demand,2025-10-29 09:55:00+01:00,29674.0,8741,Península,
12,Generación Eólica,generation,2025-10-29 10:00:00+01:00,9440.2,8741,Península,
1001,Precio PVPC 2.0TD,price,2025-10-29 10:00:00+01:00,200.74,8741,Península,
1001,Precio PVPC 2.0TD,price,2025-10-29 10:00:00+01:00,200.74,8742,Canarias,
1001,Precio PVPC 2.0TD,price,2025-10-29 10:00:00+01:00,135.3,8744,Ceuta,
1001,Precio PVPC 2.0TD,price,2025-10-29 10:00:00+01:00,135.3,8745,Melilla,
9,Generación Ciclo Combinado,generation,2025-10-29 10:00:00+01:00,2290.6,8741,Península,
4,Generación Nuclear,generation,2025-10-29 10:00:00+01:00,4994.6,8741,Península,
1,Generación Hidráulica UGH,generation,2025-10-29 10:00:00+01:00,2628.7,8741,Península,
1001,Precio PVPC 2.0TD,price,2025-10-29 10:00:00+01:00,200.74,8743,Baleares,
1293,Demanda real,demand,2025-10-29 10:00:00+01:00,29397.0,8741,Península,
1293,Demanda real,demand,2025-10-29 10:05:00+01:00,29426.0,8741,Península,
1293,Demanda real,demand,2025-10-29 10:10:00+01:00,29421.0,8741,Península,
1293,Demanda real,demand,2025-10-29 10:15:00+01:00,29458.0,8741,Península,
1293,Demanda real,demand,2025-10-29 10:20:00+01:00,29667.0,8741,Península,
1293,Demanda real,demand,2025-10-29 10:25:00+01:00,29589.0,8741,Península,
1293,Demanda real,demand,2025-10-29 10:30:00+01:00,29491.0,8741,Península,
1293,Demanda real,demand,2025-10-29 10:35:00+01:00,29614.0,8741,Península,
1293,Demanda real,demand,2025-10-29 10:40:00+01:00,29693.0,8741,Península,
1293,Demanda real,demand,2025-10-29 10:45:00+01:00,29697.0,8741,Península,
1293,Demanda real,demand,2025-10-29 10:50:00+01:00,29570.0,8741,Península,
1293,Demanda real,demand,2025-10-29 10:55:00+01:00,29456.0,8741,Península,
1001,Precio PVPC 2.0TD,price,2025-10-29 11:00:00+01:00,193.74,8743,Baleares,
1293,Demanda real,demand,2025-10-29 11:00:00+01:00,29427.0,8741,Península,
1001,Precio PVPC 2.0TD,price,2025-10-29 11:00:00+01:00,193.74,8745,Melilla,
1001,Precio PVPC 2.0TD,price,2025-10-29 11:00:00+01:00,193.74,8744,Ceuta,
1001,Precio PVPC 2.0TD,price,2025-10-29 11:00:00+01:00,193.74,8742,Canarias,
1001,Precio PVPC 2.0TD,price,2025-10-29 11:00:00+01:00,193.74,8741,Península,
9,Generación Ciclo Combinado,generation,2025-10-29 11:00:00+01:00,2136.8,8741,Península,
4,Generación Nuclear,generation,2025-10-29 11:00:00+01:00,4992.6,8741,Península,
12,Generación Eólica,generation,2025-10-29 11:00:00+01:00,9292.9,8741,Península,
1,Generación Hidráulica UGH,generation,2025-10-29 11:00:00+01:00,2434.9,8741,Península,
1293,Demanda real,demand,2025-10-29 11:05:00+01:00,29369.0,8741,Península,
1293,Demanda real,demand,2025-10-29 11:10:00+01:00,29375.0,8741,Península,
1293,Demanda real,demand,2025-10-29 11:15:00+01:00,29370.0,8741,Península,
1293,Demanda real,demand,2025-10-29 11:20:00+01:00,29373.0,8741,Península,
1293,Demanda real,demand,2025-10-29 11:25:00+01:00,29443.0,8741,Península,
1293,Demanda real,demand,2025-10-29 11:30:00+01:00,29159.0,8741,Península,
1293,Demanda real,demand,2025-10-29 11:35:00+01:00,29310.0,8741,Península,
1293,Demanda real,demand,2025-10-29 11:40:00+01:00,29355.0,8741,Península,
1293,Demanda real,demand,2025-10-29 11:45:00+01:00,29355.0,8741,Península,
1293,Demanda real,demand,2025-10-29 11:50:00+01:00,29412.0,8741,Península,
1293,Demanda real,demand,2025-10-29 11:55:00+01:00,29430.0,8741,Península,
9,Generación Ciclo Combinado,generation,2025-10-29 12:00:00+01:00,2129.5,8741,Península,
12,Generación Eólica,generation,2025-10-29 12:00:00+01:00,9101.2,8741,Península,
1001,Precio PVPC 2.0TD,price,2025-10-29 12:00:00+01:00,193.46,8745,Melilla,
1001,Precio PVPC 2.0TD,price,2025-10-29 12:00:00+01:00,193.46,8742,Canarias,
1001,Precio PVPC 2.0TD,price,2025-10-29 12:00:00+01:00,193.46,8744,Ceuta,
1001,Precio PVPC 2.0TD,price,2025-10-29 12:00:00+01:00,193.46,8743,Baleares,
1001,Precio PVPC 2.0TD,price,2025-10-29 12:00:00+01:00,193.46,8741,Península,
4,Generación Nuclear,generation,2025-10-29 12:00:00+01:00,4987.6,8741,Península,
1293,Demanda real,demand,2025-10-29 12:00:00+01:00,29137.0,8741,Península,
1,Generación Hidráulica UGH,generation,2025-10-29 12:00:00+01:00,2021.7,8741,Península,
1293,Demanda real,demand,2025-10-29 12:05:00+01:00,29356.0,8741,Península,
1293,Demanda real,demand,2025-10-29 12:10:00+01:00,29416.0,8741,Península,
1293,Demanda real,demand,2025-10-29 12:15:00+01:00,29346.0,8741,Península,
1293,Demanda real,demand,2025-10-29 12:20:00+01:00,29585.0,8741,Península,
1293,Demanda real,demand,2025-10-29 12:25:00+01:00,29255.0,8741,Península,
1293,Demanda real,demand,2025-10-29 12:30:00+01:00,29556.0,8741,Península,
1293,Demanda real,demand,2025-10-29 12:35:00+01:00,29586.0,8741,Península,
1293,Demanda real,demand,2025-10-29 12:40:00+01:00,29618.0,8741,Península,
1293,Demanda real,demand,2025-10-29 12:45:00+01:00,29596.0,8741,Península,
1293,Demanda real,demand,2025-10-29 12:50:00+01:00,29606.0,8741,Península,
1293,Demanda real,demand,2025-10-29 12:55:00+01:00,29815.0,8741,Península,
4,Generación Nuclear,generation,2025-10-29 13:00:00+01:00,4984.6,8741,Península,
1001,Precio PVPC 2.0TD,price,2025-10-29 13:00:00+01:00,192.95,8741,Península,
1,Generación Hidráulica UGH,generation,2025-10-29 13:00:00+01:00,1876.7,8741,Península,
1293,Demanda real,demand,2025-10-29 13:00:00+01:00,29578.0,8741,Península,
1001,Precio PVPC 2.0TD,price,2025-10-29 13:00:00+01:00,192.95,8742,Canarias,
1001,Precio PVPC 2.0TD,price,2025-10-29 13:00:00+01:00,192.95,8743,Baleares,
1001,Precio PVPC 2.0TD,price,2025-10-29 13:00:00+01:00,192.95,8744,Ceuta,
9,Generación Ciclo Combinado,generation,2025-10-29 13:00:00+01:00,2202.2,8741,Península,
1001,Precio PVPC 2.0TD,price,2025-10-29 13:00:00+01:00,192.95,8745,Melilla,
12,Generación Eólica,generation,2025-10-29 13:00:00+01:00,8803.5,8741,Península,
1293,Demanda real,demand,2025-10-29 13:05:00+01:00,29888.0,8741,Península,
1293,Demanda real,demand,2025-10-29 13:10:00+01:00,29842.0,8741,Península,
1293,Demanda real,demand,2025-10-29 13:15:00+01:00,29940.0,8741,Península,
1293,Demanda real,demand,2025-10-29 13:20:00+01:00,30085.0,8741,Península,
1293,Demanda real,demand,2025-10-29 13:25:00+01:00,29702.0,8741,Península,
1293,Demanda real,demand,2025-10-29 13:30:00+01:00,30027.0,8741,Península,
1293,Demanda real,demand,2025-10-29 13:35:00+01:00,29824.0,8741,Península,
1293,Demanda real,demand,2025-10-29 13:40:00+01:00,29915.0,8741,Península,
1293,Demanda real,demand,2025-10-29 13:45:00+01:00,30057.0,8741,Península,
1293,Demanda real,demand,2025-10-29 13:50:00+01:00,29978.0,8741,Península,
1293,Demanda real,demand,2025-10-29 13:55:00+01:00,29877.0,8741,Península,
1,Generación Hidráulica UGH,generation,2025-10-29 14:00:00+01:00,2132.0,8741,Península,
12,Generación Eólica,generation,2025-10-29 14:00:00+01:00,8229.1,8741,Península,
1293,Demanda real,demand,2025-10-29 14:00:00+01:00,29984.0,8741,Península,
4,Generación Nuclear,generation,2025-10-29 14:00:00+01:00,4983.1,8741,Península,
1001,Precio PVPC 2.0TD,price,2025-10-29 14:00:00+01:00,204.4,8745,Melilla,
1001,Precio PVPC 2.0TD,price,2025-10-29 14:00:00+01:00,204.4,8744,Ceuta,
1001,Precio PVPC 2.0TD,price,2025-10-29 14:00:00+01:00,138.85,8743,Baleares,
1001,Precio PVPC 2.0TD,price,2025-10-29 14:00:00+01:00,138.85,8742,Canarias,
9,Generación Ciclo Combinado,generation,2025-10-29 14:00:00+01:00,2442.2,8741,Península,
1001,Precio PVPC 2.0TD,price,2025-10-29 14:00:00+01:00,138.85,8741,Península,
1293,Demanda real,demand,2025-10-29 14:05:00+01:00,29894.0,8741,Península,
1293,Demanda real,demand,2025-10-29 14:10:00+01:00,29856.0,8741,Península,
1293,Demanda real,demand,2025-10-29 14:15:00+01:00,29827.0,8741,Península,
1293,Demanda real,demand,2025-10-29 14:20:00+01:00,29786.0,8741,Península,
1293,Demanda real,demand,2025-10-29 14:25:00+01:00,29767.0,8741,Península,
1293,Demanda real,demand,2025-10-29 14:30:00+01:00,29885.0,8741,Península,
1293,Demanda real,demand,2025-10-29 14:35:00+01:00,29716.0,8741,Península,
1293,Demanda real,demand,2025-10-29 14:40:00+01:00,29677.0,8741,Península,
1293,Demanda real,demand,2025-10-29 14:45:00+01:00,29651.0,8741,Península,
1293,Demanda real,demand,2025-10-29 14:50:00+01:00,29220.0,8741,Península,
1293,Demanda real,demand,2025-10-29 14:55:00+01:00,29335.0,8741,Península,
1293,Demanda real,demand,2025-10-29 15:00:00+01:00,29375.0,8741,Península,
1,Generación Hidráulica UGH,generation,2025-10-29 15:00:00+01:00,2783.9,8741,Península,
4,Generación Nuclear,generation,2025-10-29 15:00:00+01:00,4980.4,8741,Península,
1001,Precio PVPC 2.0TD,price,2025-10-29 15:00:00+01:00,150.9,8745,Melilla,
1001,Precio PVPC 2.0TD,price,2025-10-29 15:00:00+01:00,150.9,8744,Ceuta,
1001,Precio PVPC 2.0TD,price,2025-10-29 15:00:00+01:00,150.9,8743,Baleares,
1001,Precio PVPC 2.0TD,price,2025-10-29 15:00:00+01:00,150.9,8741,Península,
9,Generación Ciclo Combinado,generation,2025-10-29 15:00:00+01:00,2562.5,8741,Península,
12,Generación Eólica,generation,2025-10-29 15:00:00+01:00,7513.2,8741,Península,
1001,Precio PVPC 2.0TD,price,2025-10-29 15:00:00+01:00,150.9,8742,Canarias,
1293,Demanda real,demand,2025-10-29 15:05:00+01:00,29489.0,8741,Península,
1001,Precio PVPC 2.0TD,price,2025-10-29 16:00:00+01:00,161.89,8744,Ceuta,
9,Generación Ciclo Combinado,generation,2025-10-29 16:00:00+01:00,3572.9,8741,Península,
4,Generación Nuclear,generation,2025-10-29 16:00:00+01:00,4980.6,8741,Península,
1001,Precio PVPC 2.0TD,price,2025-10-29 16:00:00+01:00,161.89,8743,Baleares,
1,Generación Hidráulica UGH,generation,2025-10-29 16:00:00+01:00,3102.6,8741,Península,
1001,Precio PVPC 2.0TD,price,2025-10-29 16:00:00+01:00,161.89,8742,Canarias,
1001,Precio PVPC 2.0TD,price,2025-10-29 16:00:00+01:00,161.89,8741,Península,
1001,Precio PVPC 2.0TD,price,2025-10-29 16:00:00+01:00,161.89,8745,Melilla,
12,Generación Eólica,generation,2025-10-29 16:00:00+01:00,6698.6,8741,Península,
1001,Precio PVPC 2.0TD,price,2025-10-29 17:00:00+01:00,180.29,8743,Baleares,
4,Generación Nuclear,generation,2025-10-29 17:00:00+01:00,4979.6,8741,Península,
1001,Precio PVPC 2.0TD,price,2025-10-29 17:00:00+01:00,180.29,8745,Melilla,
1001,Precio PVPC 2.0TD,price,2025-10-29 17:00:00+01:00,180.29,8744,Ceuta,
1001,Precio PVPC 2.0TD,price,2025-10-29 17:00:00+01:00,180.29,8741,Península,
1001,Precio PVPC 2.0TD,price,2025-10-29 17:00:00+01:00,180.29,8742,Canarias,
1,Generación Hidráulica UGH,generation,2025-10-29 17:00:00+01:00,3445.8,8741,Península,
9,Generación Ciclo Combinado,generation,2025-10-29 17:00:00+01:00,6492.7,8741,Península,
12,Generación Eólica,generation,2025-10-29 17:00:00+01:00,6141.0,8741,Península,
1001,Precio PVPC 2.0TD,price,2025-10-29 18:00:00+01:00,266.03,8742,Canarias,
9,Generación Ciclo Combinado,generation,2025-10-29 18:00:00+01:00,9600.0,8741,Península,
1001,Precio PVPC 2.0TD,price,2025-10-29 18:00:00+01:00,266.03,8741,Península,
4,Generación Nuclear,generation,2025-10-29 18:00:00+01:00,4984.4,8741,Península,
12,Generación Eólica,generation,2025-10-29 18:00:00+01:00,5752.8,8741,Península,
1001,Precio PVPC 2.0TD,price,2025-10-29 18:00:00+01:00,200.27,8745,Melilla,
1,Generación Hidráulica UGH,generation,2025-10-29 18:00:00+01:00,4358.4,8741,Península,
1001,Precio PVPC 2.0TD,price,2025-10-29 18:00:00+01:00,200.27,8744,Ceuta,
1001,Precio PVPC 2.0TD,price,2025-10-29 18:00:00+01:00,266.03,8743,Baleares,
12,Generación Eólica,generation,2025-10-29 19:00:00+01:00,5350.0,8741,Península,
1001,Precio PVPC 2.0TD,price,2025-10-29 19:00:00+01:00,282.85,8741,Península,
9,Generación Ciclo Combinado,generation,2025-10-29 19:00:00+01:00,9627.4,8741,Península,
1,Generación Hidráulica UGH,generation,2025-10-29 19:00:00+01:00,5167.0,8741,Península,
1001,Precio PVPC 2.0TD,price,2025-10-29 19:00:00+01:00,282.85,8742,Canarias,
1001,Precio PVPC 2.0TD,price,2025-10-29 19:00:00+01:00,282.85,8743,Baleares,
1001,Precio PVPC 2.0TD,price,2025-10-29 19:00:00+01:00,282.85,8744,Ceuta,
4,Generación Nuclear,generation,2025-10-29 19:00:00+01:00,4986.6,8741,Península,
1001,Precio PVPC 2.0TD,price,2025-10-29 19:00:00+01:00,282.85,8745,Melilla,
9,Generación Ciclo Combinado,generation,2025-10-29 20:00:00+01:00,10073.3,8741,Península,
1001,Precio PVPC 2.0TD,price,2025-10-29 20:00:00+01:00,290.83,8741,Península,
1001,Precio PVPC 2.0TD,price,2025-10-29 20:00:00+01:00,290.83,8743,Baleares,
1001,Precio PVPC 2.0TD,price,2025-10-29 20:00:00+01:00,290.83,8744,Ceuta,
1001,Precio PVPC 2.0TD,price,2025-10-29 20:00:00+01:00,290.83,8745,Melilla,
4,Generación Nuclear,generation,2025-10-29 20:00:00+01:00,4989.4,8741,Península,
12,Generación Eólica,generation,2025-10-29 20:00:00+01:00,5034.4,8741,Península,
1,Generación Hidráulica UGH,generation,2025-10-29 20:00:00+01:00,5610.8,8741,Península,
1001,Precio PVPC 2.0TD,price,2025-10-29 20:00:00+01:00,290.83,8742,Canarias,
1001,Precio PVPC 2.0TD,price,2025-10-29 21:00:00+01:00,277.89,8741,Península,
1001,Precio PVPC 2.0TD,price,2025-10-29 21:00:00+01:00,277.89,8742,Canarias,
1001,Precio PVPC 2.0TD,price,2025-10-29 21:00:00+01:00,277.89,8743,Baleares,
1001,Precio PVPC 2.0TD,price,2025-10-29 21:00:00+01:00,277.89,8744,Ceuta,
9,Generación Ciclo Combinado,generation,2025-10-29 21:00:00+01:00,10091.5,8741,Península,
4,Generación Nuclear,generation,2025-10-29 21:00:00+01:00,4991.6,8741,Península,
12,Generación Eólica,generation,2025-10-29 21:00:00+01:00,4705.1,8741,Península,
1,Generación Hidráulica UGH,generation,2025-10-29 21:00:00+01:00,5140.0,8741,Península,
1001,Precio PVPC 2.0TD,price,2025-10-29 21:00:00+01:00,277.89,8745,Melilla,
1,Generación Hidráulica UGH,generation,2025-10-29 22:00:00+01:00,4407.9,8741,Península,
9,Generación Ciclo Combinado,generation,2025-10-29 22:00:00+01:00,10075.2,8741,Península,
12,Generación Eólica,generation,2025-10-29 22:00:00+01:00,4342.9,8741,Península,
1001,Precio PVPC 2.0TD,price,2025-10-29 22:00:00+01:00,255.1,8744,Ceuta,
1001,Precio PVPC 2.0TD,price,2025-10-29 22:00:00+01:00,189.23,8743,Baleares,
4,Generación Nuclear,generation,2025-10-29 22:00:00+01:00,4993.6,8741,Península,
1001,Precio PVPC 2.0TD,price,2025-10-29 22:00:00+01:00,255.1,8745,Melilla,
1001,Precio PVPC 2.0TD,price,2025-10-29 22:00:00+01:00,189.23,8742,Canarias,
1001,Precio PVPC 2.0TD,price,2025-10-29 22:00:00+01:00,189.23,8741,Península,
9,Generación Ciclo Combinado,generation,2025-10-29 23:00:00+01:00,9078.1,8741,Península,
1001,Precio PVPC 2.0TD,price,2025-10-29 23:00:00+01:00,171.57,8741,Península,
1001,Precio PVPC 2.0TD,price,2025-10-29 23:00:00+01:00,171.57,8742,Canarias,
1001,Precio PVPC 2.0TD,price,2025-10-29 23:00:00+01:00,171.57,8743,Baleares,
1001,Precio PVPC 2.0TD,price,2025-10-29 23:00:00+01:00,171.57,8744,Ceuta,
1001,Precio PVPC 2.0TD,price,2025-10-29 23:00:00+01:00,171.57,8745,Melilla,
1,Generación Hidráulica UGH,generation,2025-10-29 23:00:00+01:00,4027.0,8741,Península,
4,Generación Nuclear,generation,2025-10-29 23:00:00+01:00,4994.6,8741,Península,
12,Generación Eólica,generation,2025-10-29 23:00:00+01:00,4032.7,8741,Península,
